{
  "step": 70000,
  "acc_base": 0.9883655905723572,
  "results": [
    {
      "set": "topk(8)",
      "acc": 0.010515717789530754,
      "freq_indices": [
        42,
        13,
        44,
        33,
        41,
        7,
        45,
        14
      ]
    },
    {
      "set": "single(1)",
      "acc": 0.9883655905723572,
      "freq_indices": [
        1
      ]
    }
  ]
}