{
  "checkpoints": [
    {
      "step": 0,
      "train_loss": 2.8202281330907066,
      "train_acc": 0.08139534883720931,
      "test_loss": 2.8589560316114,
      "test_acc": 0.06896551724137931
    },
    {
      "step": 500,
      "train_loss": 0.0007790981813572174,
      "train_acc": 1.0,
      "test_loss": 4.632798105625096,
      "test_acc": 0.26108374384236455
    },
    {
      "step": 999,
      "train_loss": 3.915877493645259e-06,
      "train_acc": 1.0,
      "test_loss": 6.4840126977178265,
      "test_acc": 0.26108374384236455
    }
  ]
}