{
  "p": 17,
  "basis": "real_fourier_v1",
  "checkpoints": [
    {
      "step": 0,
      "embedding": {
        "freq_total": [
          0.046388523653149605,
          0.05582885071635246,
          0.0490710511803627,
          0.0635455995798111,
          0.051835739985108376,
          0.053223742172122,
          0.05250433273613453,
          0.053603705018758774
        ],
        "dc": 0.0266263447701931
      },
      "unembedding": {
        "freq_total": [
          0.05597837083041668,
          0.0444047674536705,
          0.051658542826771736,
          0.04872279614210129,
          0.052357930690050125,
          0.05779395252466202,
          0.0517409797757864,
          0.05014259181916714
        ],
        "dc": 0.03298027813434601
      }
    },
    {
      "step": 500,
      "embedding": {
        "freq_total": [
          0.061521150171756744,
          0.0645163469016552,
          0.06407785974442959,
          0.08274115808308125,
          0.05767767131328583,
          0.06470366194844246,
          0.06515134871006012,
          0.08261271938681602
        ],
        "dc": 0.020280960947275162
      },
      "unembedding": {
        "freq_total": [
          2.0582906007766724,
          1.9910749793052673,
          2.3934391736984253,
          1.946541666984558,
          1.836231529712677,
          1.8077417612075806,
          1.9722810983657837,
          1.9531566500663757
        ],
        "dc": 0.1490439772605896
      }
    },
    {
      "step": 999,
      "embedding": {
        "freq_total": [
          0.06086588650941849,
          0.06415927596390247,
          0.06312482431530952,
          0.08197978138923645,
          0.057284774258732796,
          0.06440073996782303,
          0.0643647126853466,
          0.08166955783963203
        ],
        "dc": 0.019883479923009872
      },
      "unembedding": {
        "freq_total": [
          4.011674284934998,
          3.8237061500549316,
          4.232205629348755,
          3.779881238937378,
          3.688072919845581,
          3.609899640083313,
          3.5992730855941772,
          3.8488121032714844
        ],
        "dc": 0.2317964881658554
      }
    }
  ]
}