{
  "step": 999,
  "acc_base": 0.2610837519168854,
  "results": [
    {
      "set": "topk(4)",
      "acc": 0.16748768091201782,
      "freq_indices": [
        4,
        8,
        6,
        7
      ]
    }
  ]
}